sheet,first_page,last_page,pages,path,bytes,sha256,width,height
1,1,4,1;2;3;4,evidence/visual-qa-r3/contact-sheets/sheet-001-pages-001-004.png,812738,955DD45AF6E7CABA97636D636E8F70D8030C4771A102170CC17D5E9F8F630132,1230,1642
2,5,8,5;6;7;8,evidence/visual-qa-r3/contact-sheets/sheet-002-pages-005-008.png,885414,C4D7DE5F5D355F5D15DB396E248FB998C4681F0DF4DF8F4D57C3AE34877796C5,1230,1642
3,9,12,9;10;11;12,evidence/visual-qa-r3/contact-sheets/sheet-003-pages-009-012.png,894821,C1B5128C92BEAD6076413D3F3399AC5010FD9D4BF1C81172B29F0943B361FBBA,1230,1642
4,13,16,13;14;15;16,evidence/visual-qa-r3/contact-sheets/sheet-004-pages-013-016.png,937269,C3BCFDAF7628F2AA1DB8D6C90A0D5FCA1473225BC555DB24ED7090B1AFEB17C1,1230,1642
5,17,20,17;18;19;20,evidence/visual-qa-r3/contact-sheets/sheet-005-pages-017-020.png,844210,3B028DC620F14463086A235970930FAAE0D23F12A063667C348EE24ED552BDD2,1230,1642
6,21,24,21;22;23;24,evidence/visual-qa-r3/contact-sheets/sheet-006-pages-021-024.png,869758,F558CB3CA7B3FAF78D07B81109AAB1B057C72E1B6E3606F6EABF5D3D7A022006,1230,1642
7,25,28,25;26;27;28,evidence/visual-qa-r3/contact-sheets/sheet-007-pages-025-028.png,847811,D22192C02BD1C84F779223601915DE167D7DFEB8912646B31AC6B8FEEA16AB7C,1230,1642
8,29,32,29;30;31;32,evidence/visual-qa-r3/contact-sheets/sheet-008-pages-029-032.png,873511,2EAE01E7812C8BE50C0908FA687F6B15A736594CEDB874D7BE49197EFB6761DA,1230,1642
9,33,36,33;34;35;36,evidence/visual-qa-r3/contact-sheets/sheet-009-pages-033-036.png,869247,EC51E3B699808D72DC660BF27D4A5F38B855419FD0DC64A8BD34BD393884C799,1230,1642
10,37,40,37;38;39;40,evidence/visual-qa-r3/contact-sheets/sheet-010-pages-037-040.png,726385,511C53E740EA72A22230F6B1980F708EF6A2082362CA912184686D08A49E965E,1230,1642
11,41,44,41;42;43;44,evidence/visual-qa-r3/contact-sheets/sheet-011-pages-041-044.png,656746,85C7CE1D06E69DF55BC1E7F5CEE94EDD04B73139636CC762669659BB6CA94D2A,1230,1642
12,45,48,45;46;47;48,evidence/visual-qa-r3/contact-sheets/sheet-012-pages-045-048.png,676871,B15FD00451A16E7C3B87924D2E40DB26BFCC6D34AF232EEA23FF775D26B2CC48,1230,1642
13,49,52,49;50;51;52,evidence/visual-qa-r3/contact-sheets/sheet-013-pages-049-052.png,677270,ED2E8046E7A5D430CF4C722F0EC2B978DD651BD52F3666995AED6E6C4FC1A6B8,1230,1642
14,53,56,53;54;55;56,evidence/visual-qa-r3/contact-sheets/sheet-014-pages-053-056.png,830740,6D1F8BFB989C86DFA67C942C090C3341031747591DD008E9C8727E7624BF8364,1230,1642
15,57,60,57;58;59;60,evidence/visual-qa-r3/contact-sheets/sheet-015-pages-057-060.png,840122,0342DB60BCFAF8142B94C97915A078BF3E1838AC61FA339B247B5A23B2365CED,1230,1642
16,61,64,61;62;63;64,evidence/visual-qa-r3/contact-sheets/sheet-016-pages-061-064.png,737981,1C72BF174B723BD5636D9AEC4C9DCCEE27DB747BA8C062ECF95FC3FBA9DAC7D0,1230,1642
17,65,68,65;66;67;68,evidence/visual-qa-r3/contact-sheets/sheet-017-pages-065-068.png,816682,E91EDBAE7F35DD973135A0CFD8B239D868855DA57B6904025FC2294CDFB4BB69,1230,1642
18,69,72,69;70;71;72,evidence/visual-qa-r3/contact-sheets/sheet-018-pages-069-072.png,716362,84456FE01B6B36B9F1F5DFC847CB4F32334C412F38E2D80E85E7D5E78058CD68,1230,1642
19,73,76,73;74;75;76,evidence/visual-qa-r3/contact-sheets/sheet-019-pages-073-076.png,807124,F9582E183A39C583BE34B06345384469D0A36C00035912F30FE97416856DC889,1230,1642
20,77,80,77;78;79;80,evidence/visual-qa-r3/contact-sheets/sheet-020-pages-077-080.png,883657,62BC050CF7819AEEB422A42A77543272ABC1EF6C1C50FC12DA6986B3CBC204A4,1230,1642
21,81,84,81;82;83;84,evidence/visual-qa-r3/contact-sheets/sheet-021-pages-081-084.png,843207,A10BAB6FA84B22CC231E957BBDFF899A2375426B72B5C99C1E809650AA432771,1230,1642
22,85,88,85;86;87;88,evidence/visual-qa-r3/contact-sheets/sheet-022-pages-085-088.png,938358,E0883BDC925D09A401AB363C3C388D1B577494304E098B568AC9108202563BB1,1230,1642
23,89,92,89;90;91;92,evidence/visual-qa-r3/contact-sheets/sheet-023-pages-089-092.png,907498,6513EE93C61B54F8236252B3A98BCE4032163FC522F4BAAEAEEA21239BCE8EED,1230,1642
24,93,96,93;94;95;96,evidence/visual-qa-r3/contact-sheets/sheet-024-pages-093-096.png,779282,60C62D0F2044FE6A24CED7D01FF5E32DAE176843F225A74B4053232962DDBF6A,1230,1642
25,97,100,97;98;99;100,evidence/visual-qa-r3/contact-sheets/sheet-025-pages-097-100.png,858804,004FC5BB39BFB243ADD6672D2CF6E8AA7D939DAC26389434DD91645172C9E349,1230,1642
26,101,104,101;102;103;104,evidence/visual-qa-r3/contact-sheets/sheet-026-pages-101-104.png,816196,5FC9467BF3FDF6EF6AE2E32A444B79783BCFCE70B9272655985A0EAD4787410C,1230,1642
27,105,108,105;106;107;108,evidence/visual-qa-r3/contact-sheets/sheet-027-pages-105-108.png,948303,0B6E0C6FBCE976A7C2344CD78CBFB454520795BD9E4EAC49DF47C922CED89029,1230,1642
28,109,112,109;110;111;112,evidence/visual-qa-r3/contact-sheets/sheet-028-pages-109-112.png,922388,784FCA312E3AE82DE6BD562A74E339C1E884A13329BB538D79D4DE5166D7A941,1230,1642
29,113,116,113;114;115;116,evidence/visual-qa-r3/contact-sheets/sheet-029-pages-113-116.png,974785,EEFF19557E4C120624359C6035E66B850774EABCD7E304D7F0B7DB4668A3F76D,1230,1642
30,117,120,117;118;119;120,evidence/visual-qa-r3/contact-sheets/sheet-030-pages-117-120.png,982536,B011094679CAA78CE789F16E0091049BA977EEC2FE5A7B29737714646BC9CAEE,1230,1642
31,121,124,121;122;123;124,evidence/visual-qa-r3/contact-sheets/sheet-031-pages-121-124.png,948474,53D26538DDDFE3B464A91103DF82A4D224B4A0A435134CEBA8C0E75A4728E9E9,1230,1642
32,125,128,125;126;127;128,evidence/visual-qa-r3/contact-sheets/sheet-032-pages-125-128.png,1024879,7C372843A4C4BBEF905510C5F7A3E9035B7D0AAF1FB4B18331CD2F4F8AA4FBE8,1230,1642
33,129,132,129;130;131;132,evidence/visual-qa-r3/contact-sheets/sheet-033-pages-129-132.png,834596,C64B2F0CB7E3386B100A6CA085B7B39331DF1ED9CE1DE431635417863A47A9EE,1230,1642
34,133,136,133;134;135;136,evidence/visual-qa-r3/contact-sheets/sheet-034-pages-133-136.png,891409,83003869707B0D5FCBFE632070CC2C315784BB0E545A7F0F8F4814F65B294BF0,1230,1642
35,137,140,137;138;139;140,evidence/visual-qa-r3/contact-sheets/sheet-035-pages-137-140.png,873408,F3284021D736D69919B58BA1A91D61B1CF9255E0989A3514817D8BF941B2E9A9,1230,1642
36,141,144,141;142;143;144,evidence/visual-qa-r3/contact-sheets/sheet-036-pages-141-144.png,989527,D5A136B41C4F792110BD7DDE775A290B14B8A34F91D45666D8071B4C30D9F6B7,1230,1642
37,145,148,145;146;147;148,evidence/visual-qa-r3/contact-sheets/sheet-037-pages-145-148.png,895992,4DBCE5ED67E79FA5EB85168A03D43CC3423CBCB966462FEC77C354BD04D43FB7,1230,1642
38,149,152,149;150;151;152,evidence/visual-qa-r3/contact-sheets/sheet-038-pages-149-152.png,899779,583E0BCFBCD9716C563072F14337340A230A65C8C952634B7982A8A3ABE55DDA,1230,1642
39,153,156,153;154;155;156,evidence/visual-qa-r3/contact-sheets/sheet-039-pages-153-156.png,826449,862523887EECA69CFE6DAFA56BB020A8339040C466514AECEDC8ED03854681F7,1230,1642
40,157,160,157;158;159;160,evidence/visual-qa-r3/contact-sheets/sheet-040-pages-157-160.png,822635,B3148F5E136FE0175F7963FE9E4C503E6716C095089B09821AEF0E16CE1BFFBD,1230,1642
41,161,164,161;162;163;164,evidence/visual-qa-r3/contact-sheets/sheet-041-pages-161-164.png,1057456,06872C57FA5D247D892CF5C7A06F82C644A9C0B736F53CF377E34E21F6D19693,1230,1642
42,165,168,165;166;167;168,evidence/visual-qa-r3/contact-sheets/sheet-042-pages-165-168.png,975350,38B5D9E21E638A7DC7DAF0A0AEB8D8F82B27C63CDA95910E0E690D442FDA7FA5,1230,1642
43,169,172,169;170;171;172,evidence/visual-qa-r3/contact-sheets/sheet-043-pages-169-172.png,1042277,D6F8004D33C6578C6F33B1D4B01A6EFFE3B5ACE7092734AF06307C38A1570503,1230,1642
44,173,176,173;174;175;176,evidence/visual-qa-r3/contact-sheets/sheet-044-pages-173-176.png,843413,69200EFAC2C3D91EC84D8B488DBC7FEC135EEEE9934DE1E6CCC8783BA1630D90,1230,1642
45,177,180,177;178;179;180,evidence/visual-qa-r3/contact-sheets/sheet-045-pages-177-180.png,881664,F554396C6151A79603C27093FAC25C7986E6F2E7CF651E50A0E2182234A88200,1230,1642
46,181,184,181;182;183;184,evidence/visual-qa-r3/contact-sheets/sheet-046-pages-181-184.png,752948,9A0A03C2B5F54C7A51BF70B73A2EADA9BB7E46E1B133F886E84FDCCA5862E488,1230,1642
47,185,188,185;186;187;188,evidence/visual-qa-r3/contact-sheets/sheet-047-pages-185-188.png,912262,2805BC090F41FA12809885F73E2A47A52C4F7A691DE8D17B298FE0BF530432BB,1230,1642
48,189,192,189;190;191;192,evidence/visual-qa-r3/contact-sheets/sheet-048-pages-189-192.png,897179,7579C2EAFB28523C674C20BAD1FEAD773043F6FEBBA92E54E87046F258A48E1C,1230,1642
49,193,196,193;194;195;196,evidence/visual-qa-r3/contact-sheets/sheet-049-pages-193-196.png,841480,512ECE09ECC3E59DC7BF119AFA4E88BB9DEF6D579E8CC71CFC1FC30BB3230344,1230,1642
50,197,200,197;198;199;200,evidence/visual-qa-r3/contact-sheets/sheet-050-pages-197-200.png,830478,8B9C68E2359F54D48635276D75E6CF594EED13CDD5E413E64426A8B862BD07B0,1230,1642
51,201,204,201;202;203;204,evidence/visual-qa-r3/contact-sheets/sheet-051-pages-201-204.png,819101,3C2C398C1E3C55858E43BE4A43494E9259F5D6CC86CFB5391F2A70A978E720C5,1230,1642
52,205,208,205;206;207;208,evidence/visual-qa-r3/contact-sheets/sheet-052-pages-205-208.png,770567,943F8D641119E24D5C1533842556E468389CF22F070539DE73F2C840594FA11C,1230,1642
53,209,212,209;210;211;212,evidence/visual-qa-r3/contact-sheets/sheet-053-pages-209-212.png,739879,3752398474D768EAEF6F68C9AB525F3F99CA2A5A30CB6EB816BBB2A29A9824A5,1230,1642
54,213,216,213;214;215;216,evidence/visual-qa-r3/contact-sheets/sheet-054-pages-213-216.png,711163,050EDA3A3DE290CEC19B79A95EAED87997215937BF4BBA1A7E69D1BCBFC2D39E,1230,1642
55,217,220,217;218;219;220,evidence/visual-qa-r3/contact-sheets/sheet-055-pages-217-220.png,817183,A51F004A94EB75681C222EF1DF374EAD72B584A3C46DEB045F060B43B3E7824C,1230,1642
56,221,224,221;222;223;224,evidence/visual-qa-r3/contact-sheets/sheet-056-pages-221-224.png,933349,18DB8B0F2E800B534BABF956146EACA46C57433686DC4318BB1C3159F7DB6F40,1230,1642
57,225,228,225;226;227;228,evidence/visual-qa-r3/contact-sheets/sheet-057-pages-225-228.png,780628,23B71F4D12994F4B403C79D1AD30227051B3E560D3B01CF9CF762C97AD117ACC,1230,1642
58,229,232,229;230;231;232,evidence/visual-qa-r3/contact-sheets/sheet-058-pages-229-232.png,766196,8BC636F04082A900F541ECE6C572783327A7D47A86E470114A663B07300E085D,1230,1642
59,233,236,233;234;235;236,evidence/visual-qa-r3/contact-sheets/sheet-059-pages-233-236.png,721917,7B490C41AFD87CC363EA16788D29F3D5F468F28EFADB04A215BB32B0FFC425F1,1230,1642
60,237,240,237;238;239;240,evidence/visual-qa-r3/contact-sheets/sheet-060-pages-237-240.png,681318,BCEB41E813186E6FF149D57E73481D5D93F554ABCCB7CBB38EA7E2B467F370C0,1230,1642
61,241,244,241;242;243;244,evidence/visual-qa-r3/contact-sheets/sheet-061-pages-241-244.png,595049,9C260CAB435D428A12BC700F61FB7344DEC5F21FA906D62A454327FE83C52629,1230,1642
62,245,248,245;246;247;248,evidence/visual-qa-r3/contact-sheets/sheet-062-pages-245-248.png,724818,147AB7E379CA9FB03D20D9612773A2F74E1DEFD11BE8236F536A958A004954F4,1230,1642
63,249,252,249;250;251;252,evidence/visual-qa-r3/contact-sheets/sheet-063-pages-249-252.png,704303,2D49AACC85B98AAC7EE0504451F7FF79E170EB6B3451EF8B84BF2D81753130EB,1230,1642
64,253,256,253;254;255;256,evidence/visual-qa-r3/contact-sheets/sheet-064-pages-253-256.png,608015,12D2DF58DF3ECC073FFB7B1F83AA176EBD128AC9458607BBCB214C67556E37FC,1230,1642
65,257,260,257;258;259;260,evidence/visual-qa-r3/contact-sheets/sheet-065-pages-257-260.png,620529,C1BB363C0F3FF3E52D318F4DAD42DC22EB7ADB26CB4E935BC08DB7AB3F3C4E3B,1230,1642
66,261,264,261;262;263;264,evidence/visual-qa-r3/contact-sheets/sheet-066-pages-261-264.png,676297,3DBE04C9A0849299C640722CB5F41A3FCFA4F30FE1DAABEBE89D00D5C0928E44,1230,1642
67,265,268,265;266;267;268,evidence/visual-qa-r3/contact-sheets/sheet-067-pages-265-268.png,641384,E0BCCF57F44E6C059CDEB0DE39ACDC1228458460F2048E9A7200377B58D664AD,1230,1642
68,269,272,269;270;271;272,evidence/visual-qa-r3/contact-sheets/sheet-068-pages-269-272.png,851086,21943981C4DCC3E9036324C868587ED7EF9A3464F0F4751AA592C1778FE1B608,1230,1642
69,273,276,273;274;275;276,evidence/visual-qa-r3/contact-sheets/sheet-069-pages-273-276.png,921962,EB827AD633B9FBA0529A1C18683338DD40CEAF11F7C06B8496470961FF7977FC,1230,1642
70,277,280,277;278;279;280,evidence/visual-qa-r3/contact-sheets/sheet-070-pages-277-280.png,899912,EC4ABF9C261ED8F775DFFF986D6EC2450AEF8D4542A414AB1E8EE1D0162424B0,1230,1642
71,281,284,281;282;283;284,evidence/visual-qa-r3/contact-sheets/sheet-071-pages-281-284.png,911786,6C79543B5D09ACDFF49E4055F99FBA2B3B66E1D51D7ABAA58D086E8439EEDEAD,1230,1642
72,285,288,285;286;287;288,evidence/visual-qa-r3/contact-sheets/sheet-072-pages-285-288.png,901488,303B6E2606F4944F71FE74DF29FF6FAA2711F320D15B4397E7BD652204CE6DF4,1230,1642
73,289,292,289;290;291;292,evidence/visual-qa-r3/contact-sheets/sheet-073-pages-289-292.png,1067202,A2C51C36DAA22722F3479017305F3B6F21FDCFDB28BF77D1F789477A9CF000ED,1230,1642
74,293,296,293;294;295;296,evidence/visual-qa-r3/contact-sheets/sheet-074-pages-293-296.png,630089,C98514FD21DC8F360D0778327CDED65E98E9B194AB9BDCB079E47796484CCA4E,1230,1642
75,297,300,297;298;299;300,evidence/visual-qa-r3/contact-sheets/sheet-075-pages-297-300.png,890533,F7820FB50DF37C914876E151A456DF616BB4D19019BD6ED81A7BEBDD60542521,1230,1642
76,301,304,301;302;303;304,evidence/visual-qa-r3/contact-sheets/sheet-076-pages-301-304.png,984795,BA73F92C6A532CBF269CC240712AA47E638FB780416BD5E8CDA67AF4FF575B72,1230,1642
77,305,308,305;306;307;308,evidence/visual-qa-r3/contact-sheets/sheet-077-pages-305-308.png,1032094,3F7BF95F8B1F58CAE66046523A62B13D224982AD24F3AEFECDF734852959DA4B,1230,1642
78,309,312,309;310;311;312,evidence/visual-qa-r3/contact-sheets/sheet-078-pages-309-312.png,938575,0FC4A023E35DBD7FDB00F7A41FFC746181E4012B6F7FCB13AFE04B2C7545F297,1230,1642
79,313,316,313;314;315;316,evidence/visual-qa-r3/contact-sheets/sheet-079-pages-313-316.png,944230,680EAFD1D1A4E36E2427FC0CBEEB4223657EFC0C3C2A7B4BC05A0485A2ECA90B,1230,1642
80,317,320,317;318;319;320,evidence/visual-qa-r3/contact-sheets/sheet-080-pages-317-320.png,736129,49FE43420F1419FFE95B3F75287DDCFF63EE295F85BD5066935C1F14FAA8144A,1230,1642
81,321,324,321;322;323;324,evidence/visual-qa-r3/contact-sheets/sheet-081-pages-321-324.png,961128,2AA881DCA10996D7C1AB45DEC11C40359C2AE3BB66486B68DAF9873AF0E50495,1230,1642
82,325,328,325;326;327;328,evidence/visual-qa-r3/contact-sheets/sheet-082-pages-325-328.png,968537,9B16457F835844D238492DC711FAF69B0C5685832F3F3ED0FC95BECBF306B2FC,1230,1642
83,329,332,329;330;331;332,evidence/visual-qa-r3/contact-sheets/sheet-083-pages-329-332.png,853067,AEFA7C87EE8617A336919EB8750561FC179EC4448477F21F34427FC189D4E3D5,1230,1642
84,333,336,333;334;335;336,evidence/visual-qa-r3/contact-sheets/sheet-084-pages-333-336.png,764451,FDD55F931D4363EFBA8F060DFE46AD93BBA8A354D1110ED7B7516B33CF9D9DC1,1230,1642
85,337,340,337;338;339;340,evidence/visual-qa-r3/contact-sheets/sheet-085-pages-337-340.png,838294,48A5DCBB6C61AEF9A002F97D6EB6985DA03F18E6183405E18DAD0D41C9254C3B,1230,1642
86,341,344,341;342;343;344,evidence/visual-qa-r3/contact-sheets/sheet-086-pages-341-344.png,889276,C9B85176B2006B19E9DC9207CD2CFA42B51A27A1FD2677C1CD98F89996187226,1230,1642
87,345,348,345;346;347;348,evidence/visual-qa-r3/contact-sheets/sheet-087-pages-345-348.png,716909,0A5CA682CC6D84E59C095EADB55BD76678209FAB298AE8E0027E70DA52631728,1230,1642
88,349,352,349;350;351;352,evidence/visual-qa-r3/contact-sheets/sheet-088-pages-349-352.png,804361,EB2A11DA2DCB7DDAE1AA192E273CBF2F22900AC390C5859F23E77F317DB35CF3,1230,1642
89,353,356,353;354;355;356,evidence/visual-qa-r3/contact-sheets/sheet-089-pages-353-356.png,899476,347AD2CDE34845AF82BDA7935E924D94F1EDB72A25705A60DED6A1E6695AB486,1230,1642
90,357,360,357;358;359;360,evidence/visual-qa-r3/contact-sheets/sheet-090-pages-357-360.png,910316,D14F008D71C779B9BFFB7EAFF98A4D1A91892E6FCEB4A8924747AB7D61534392,1230,1642
91,361,364,361;362;363;364,evidence/visual-qa-r3/contact-sheets/sheet-091-pages-361-364.png,1034453,4E5D26874B8165F338DC7AEEF4E7CE24309978E1115B9653D4D7D54894D6E73B,1230,1642
92,365,368,365;366;367;368,evidence/visual-qa-r3/contact-sheets/sheet-092-pages-365-368.png,969375,B6D67F5F3FEAA0668A6D6B48BE15B1E4F54EE13485B4CFB2A7D8ECFA997662A7,1230,1642
93,369,372,369;370;371;372,evidence/visual-qa-r3/contact-sheets/sheet-093-pages-369-372.png,941495,D76673D673D140F14EF5CF4AA8D0AEF99B97FA121F15DE1A5BC5C64F6EA6CC5C,1230,1642
94,373,376,373;374;375;376,evidence/visual-qa-r3/contact-sheets/sheet-094-pages-373-376.png,947715,F9E51D26390663D148BA8DB6E8923A9E9DA5C30A2110624D2DDBACFF99FCD888,1230,1642
95,377,380,377;378;379;380,evidence/visual-qa-r3/contact-sheets/sheet-095-pages-377-380.png,904150,A8F452F069C301907A9971BAAD33D12005A33025C758708924BB7EFA4FEFA2DE,1230,1642
96,381,384,381;382;383;384,evidence/visual-qa-r3/contact-sheets/sheet-096-pages-381-384.png,858659,49FF93D095DC1DDF3F23DE1BAC0078EE7FE4461D0D083C3B848AFB8B02DE51A7,1230,1642
97,385,388,385;386;387;388,evidence/visual-qa-r3/contact-sheets/sheet-097-pages-385-388.png,925647,5FFC38AF8B55D49BA8BF91F053A678E581E5C10BFF8DA17E6AE371B9B6420288,1230,1642
98,389,392,389;390;391;392,evidence/visual-qa-r3/contact-sheets/sheet-098-pages-389-392.png,864989,DAF18FB148CD5A43FE19E4D8DDC191318DDD04CE90EEABAB8EA154D34BE9030F,1230,1642
99,393,396,393;394;395;396,evidence/visual-qa-r3/contact-sheets/sheet-099-pages-393-396.png,793600,B9F7C583F57634AC54644EAED0C640732E03F2DF8619519C80F724AE509A919F,1230,1642
100,397,400,397;398;399;400,evidence/visual-qa-r3/contact-sheets/sheet-100-pages-397-400.png,900287,036EBDFB881393EF9F8E90A5CAF352BE7E7CB7412080E60B3DEE57CAF81C6B49,1230,1642
101,401,404,401;402;403;404,evidence/visual-qa-r3/contact-sheets/sheet-101-pages-401-404.png,691003,B84D4E4BA7114F8DAD6FF7A85F650C027B4193271264461A45973BA69D476AB5,1230,1642
102,405,408,405;406;407;408,evidence/visual-qa-r3/contact-sheets/sheet-102-pages-405-408.png,854765,F0669B7D54A384241C9E6092EF37CFBB6F10C3067E200FC67F225C5318998180,1230,1642
103,409,412,409;410;411;412,evidence/visual-qa-r3/contact-sheets/sheet-103-pages-409-412.png,761084,6DA9E8B6EFEE07BE02A75D07DEBA574A4CC4EEB00BCEF3C0CCFB91FC47ABF676,1230,1642
104,413,416,413;414;415;416,evidence/visual-qa-r3/contact-sheets/sheet-104-pages-413-416.png,754186,06EC4252D0B48E9127146B4738648675DFD1C81673E6DF127CD5CED521CDA9E8,1230,1642
105,417,420,417;418;419;420,evidence/visual-qa-r3/contact-sheets/sheet-105-pages-417-420.png,719272,512E40ADB7E50585E8B8822F6B98D55C3E20996A50B62CAF4D99C2AE828B5D87,1230,1642
106,421,424,421;422;423;424,evidence/visual-qa-r3/contact-sheets/sheet-106-pages-421-424.png,810848,AD0A56DD744A94944DBD5AADB690938A616D0638F249FE4FA5855F6AB0C4A3F8,1230,1642
107,425,428,425;426;427;428,evidence/visual-qa-r3/contact-sheets/sheet-107-pages-425-428.png,1059428,94C3655554802DD805131152523A7D9B2972A157B951C5E7B643B72D9EFBB9BB,1230,1642
108,429,432,429;430;431;432,evidence/visual-qa-r3/contact-sheets/sheet-108-pages-429-432.png,1009185,E67E9AF2FB5BAD2DFBF050D67DF1B5BF6D5CF1003630EEE4C7A1F2B693FF4189,1230,1642
109,433,436,433;434;435;436,evidence/visual-qa-r3/contact-sheets/sheet-109-pages-433-436.png,939264,8CB5C95484712C1E06430176B1C607E5BC0079EA7879E67697052CF7AEF0C8B7,1230,1642
110,437,440,437;438;439;440,evidence/visual-qa-r3/contact-sheets/sheet-110-pages-437-440.png,746999,68E9D7CE6206B06059B2DFC1DA09382C225974A08C5465ED3A05ED9FF5A6CEAE,1230,1642
111,441,444,441;442;443;444,evidence/visual-qa-r3/contact-sheets/sheet-111-pages-441-444.png,865840,D387ACF2A4F81A3DA050F2D32A352103DF9BC89A16FE579B46D6BA6AF6DBFB9A,1230,1642
112,445,448,445;446;447;448,evidence/visual-qa-r3/contact-sheets/sheet-112-pages-445-448.png,933940,108BAA190312B742CBE734C8D6D9F0E38092B51BD53A5FDB0409C5E9F74B4F29,1230,1642
113,449,452,449;450;451;452,evidence/visual-qa-r3/contact-sheets/sheet-113-pages-449-452.png,922488,D1F3C9AD4307BA0D6EE1F1F55F23ADE4925ED321E830B44B979D8FABEE2ADD9F,1230,1642
114,453,456,453;454;455;456,evidence/visual-qa-r3/contact-sheets/sheet-114-pages-453-456.png,1047194,74E18BA7BE51B29FB7C960748A6C9168B89EEF244C3867FA205C28FABE8CBB2A,1230,1642
115,457,460,457;458;459;460,evidence/visual-qa-r3/contact-sheets/sheet-115-pages-457-460.png,1129169,47448F4E68A55418FA38F1AFDFEE33BC64000E0BB5C2831E66C906AFB4D74CC3,1230,1642
116,461,464,461;462;463;464,evidence/visual-qa-r3/contact-sheets/sheet-116-pages-461-464.png,971639,D10FF42A14DCF810F5841041621BD9F887B208F458A435009941859BB603A055,1230,1642
117,465,468,465;466;467;468,evidence/visual-qa-r3/contact-sheets/sheet-117-pages-465-468.png,1020699,97E14C6F304C583D5651F75DAC01F7F5B0F5135CEB5C401D3B50DD0225A52CE3,1230,1642
118,469,472,469;470;471;472,evidence/visual-qa-r3/contact-sheets/sheet-118-pages-469-472.png,873863,911033DF8FF564E74DF6B971EFE8BDF4D89098C11F13C2BCA096C7C48986FAB1,1230,1642
119,473,476,473;474;475;476,evidence/visual-qa-r3/contact-sheets/sheet-119-pages-473-476.png,950547,8C39343C49D15415E617333A9CAC75B5A9177CD6BADB86367FA6BE0ADB1BB0B7,1230,1642
120,477,480,477;478;479;480,evidence/visual-qa-r3/contact-sheets/sheet-120-pages-477-480.png,940375,3292D9DC3D3FDE56B5208DC2C2DCD497C6EA05529A9D17BEE4BA5F053A58B7EA,1230,1642
121,481,484,481;482;483;484,evidence/visual-qa-r3/contact-sheets/sheet-121-pages-481-484.png,1034504,B1EAEF2B9B226C66905A4438195B71600A7714E489E5051A6700605EA524CF74,1230,1642
122,485,488,485;486;487;488,evidence/visual-qa-r3/contact-sheets/sheet-122-pages-485-488.png,1078972,AF4D00AA8103AAE376F80DDE405EFB815D31DA24C3353487D22345AD94AD062A,1230,1642
123,489,492,489;490;491;492,evidence/visual-qa-r3/contact-sheets/sheet-123-pages-489-492.png,794681,0EDE5E443A6FF4D296B2E18A5602480791AF93767060B1E8A96C671735F459FE,1230,1642
124,493,496,493;494;495;496,evidence/visual-qa-r3/contact-sheets/sheet-124-pages-493-496.png,901155,61498E3349ACBCAFC954FCDFA764C5546FAC136F38DF72893F9F058ABE9036EC,1230,1642
125,497,500,497;498;499;500,evidence/visual-qa-r3/contact-sheets/sheet-125-pages-497-500.png,972494,AFB53CC39B8896E917665EA11A200527D81A20E1CEE8D3DFE678AA57426A78FF,1230,1642
126,501,504,501;502;503;504,evidence/visual-qa-r3/contact-sheets/sheet-126-pages-501-504.png,939483,221B4DA28F9B28CB79E2232546B8BBA62F5099445424467C875EEACDBF3F74FF,1230,1642
127,505,508,505;506;507;508,evidence/visual-qa-r3/contact-sheets/sheet-127-pages-505-508.png,939254,5C475C6DB68BA03C5D1AE41EECDBA7D3A6A431744254EDBCA13EF9A8E4C2CB9C,1230,1642
128,509,512,509;510;511;512,evidence/visual-qa-r3/contact-sheets/sheet-128-pages-509-512.png,766757,B0B7B1286C70457FC565B8459CFB9B25B7FDC89B318405D375F2FE90163AD357,1230,1642
129,513,516,513;514;515;516,evidence/visual-qa-r3/contact-sheets/sheet-129-pages-513-516.png,958054,0D16A64B68C3FD2E92CC73569AECC8A50795DA6CFBE400A56B06F127FF8BA996,1230,1642
130,517,520,517;518;519;520,evidence/visual-qa-r3/contact-sheets/sheet-130-pages-517-520.png,1028150,3CC2E93D0C9EC5DAF8594D29D56D90CA2E4DD959036B7887FA518478060ACF94,1230,1642
131,521,524,521;522;523;524,evidence/visual-qa-r3/contact-sheets/sheet-131-pages-521-524.png,981132,B29AF76F63106F13881EB3374689D119357A831C5A9634EF82F353F436E27EFB,1230,1642
132,525,528,525;526;527;528,evidence/visual-qa-r3/contact-sheets/sheet-132-pages-525-528.png,883476,CE985087A85B6000F078F9011BDCEF866F28F44117602E7E29F45F888C9AD842,1230,1642
133,529,532,529;530;531;532,evidence/visual-qa-r3/contact-sheets/sheet-133-pages-529-532.png,967273,E0C64A6499DE4AD135B1B8279563E50A5C48F13B8CA2F5A8F088695A50209074,1230,1642
134,533,536,533;534;535;536,evidence/visual-qa-r3/contact-sheets/sheet-134-pages-533-536.png,947828,9029AAE557B347E21794D77FA73D863E2078159752824A95714B41EA5CB1FB74,1230,1642
135,537,540,537;538;539;540,evidence/visual-qa-r3/contact-sheets/sheet-135-pages-537-540.png,1032444,B9B5CAC19D39E820182FDD08A1F16F4DA787B4F7F74DF0F34A8A089018354298,1230,1642
136,541,544,541;542;543;544,evidence/visual-qa-r3/contact-sheets/sheet-136-pages-541-544.png,928184,C76262E393BD068B740C8B4EFA9AB0364C38EC647F459566EAF7266D4E1A2B28,1230,1642
137,545,548,545;546;547;548,evidence/visual-qa-r3/contact-sheets/sheet-137-pages-545-548.png,1006810,8F3AFF32C21BD52AB23B4DCD67F0D301B7AB0F345CF3609C3447D7C6950D1BB2,1230,1642
138,549,552,549;550;551;552,evidence/visual-qa-r3/contact-sheets/sheet-138-pages-549-552.png,975651,7A1610A6A48EA2C45015A7D1E12E192F4300F60521610F509742C61526E436EB,1230,1642
139,553,556,553;554;555;556,evidence/visual-qa-r3/contact-sheets/sheet-139-pages-553-556.png,984911,94A5A9B7F610395F5BF406ADD9D775171B6F84843EEA90C9BA39AB26BF0DA3B6,1230,1642
140,557,560,557;558;559;560,evidence/visual-qa-r3/contact-sheets/sheet-140-pages-557-560.png,972227,CFE4ACFB729E040A17C3EAC7BD5344D223F4E67B6EFFB88570DFE91710F7CE04,1230,1642
141,561,564,561;562;563;564,evidence/visual-qa-r3/contact-sheets/sheet-141-pages-561-564.png,847085,D1A90EEFDDD2207EDF1BAF3D2C48F3085CB15A8E8A8F4DABE048AF826BEB7B19,1230,1642
142,565,568,565;566;567;568,evidence/visual-qa-r3/contact-sheets/sheet-142-pages-565-568.png,952622,F855FE23EBA2FDC30749914100FFEDC220CE83C05FD2215288982C884C6ED8B6,1230,1642
143,569,572,569;570;571;572,evidence/visual-qa-r3/contact-sheets/sheet-143-pages-569-572.png,822827,C07A438F6A7AE6C9C443ED740E9D99F572053EC794FA3BD870B26EDA22D1308C,1230,1642
