full_label	tag	aux_document	local_label
algebra-lemma-base-change-colimit-etale	0BSH	algebra	lemma-base-change-colimit-etale
algebra-lemma-characterize-henselian	04GG	algebra	lemma-characterize-henselian
algebra-lemma-characterize-zero-local	00HN	algebra	lemma-characterize-zero-local
algebra-lemma-colimit-colimit-etale	0BSJ	algebra	lemma-colimit-colimit-etale
algebra-lemma-colimit-faithfully-flat	090N	algebra	lemma-colimit-faithfully-flat
algebra-lemma-colimits-of-etale	08HS	algebra	lemma-colimits-of-etale
algebra-lemma-composition-colimit-etale	0BSI	algebra	lemma-composition-colimit-etale
algebra-lemma-etale	00U2	algebra	lemma-etale
algebra-lemma-etale-quasi-finite	00U5	algebra	lemma-etale-quasi-finite
algebra-lemma-etale-standard-smooth	00U9	algebra	lemma-etale-standard-smooth
algebra-lemma-ff-rings	00HQ	algebra	lemma-ff-rings
algebra-lemma-finite-over-henselian	04GH	algebra	lemma-finite-over-henselian
algebra-lemma-finite-projective	00NX	algebra	lemma-finite-projective
algebra-lemma-finite-residue-extension-closed	00GA	algebra	lemma-finite-residue-extension-closed
algebra-lemma-flat-going-down	00HS	algebra	lemma-flat-going-down
algebra-lemma-lift-etale	04D1	algebra	lemma-lift-etale
algebra-lemma-lift-idempotents-noncommutative	05BU	algebra	lemma-lift-idempotents-noncommutative
algebra-lemma-limit-complete	09B8	algebra	lemma-limit-complete
algebra-lemma-localization-colimit	00CR	algebra	lemma-localization-colimit
algebra-lemma-map-between-etale	00U7	algebra	lemma-map-between-etale
algebra-lemma-pure	04PS	algebra	lemma-pure
algebra-lemma-qc-open	00F6	algebra	lemma-qc-open
algebra-lemma-ring-colimit-fp	00QN	algebra	lemma-ring-colimit-fp
algebra-lemma-ring-with-only-minimal-primes	04MG	algebra	lemma-ring-with-only-minimal-primes
algebra-lemma-silly	00DS	algebra	lemma-silly
algebra-lemma-spec-spectral	090M	algebra	lemma-spec-spectral
algebra-lemma-strict-henselization-different	04GW	algebra	lemma-strict-henselization-different
algebra-lemma-unique-prime-over-localize-below	00EA	algebra	lemma-unique-prime-over-localize-below
algebra-lemma-unramified-quasi-finite	02UR	algebra	lemma-unramified-quasi-finite
algebra-proposition-fppf-open	00I1	algebra	proposition-fppf-open
algebraization-definition-derived-complete	0999	algebraization	definition-derived-complete
algebraization-lemma-derived-completion-koszul	0A0E	algebraization	lemma-derived-completion-koszul
algebraization-lemma-pushforward-commutes-with-derived-completion	0A0G	algebraization	lemma-pushforward-commutes-with-derived-completion
algebraization-lemma-pushforward-derived-complete-adjoint	099K	algebraization	lemma-pushforward-derived-complete-adjoint
algebraization-lemma-restriction-derived-complete-equivalence	099I	algebraization	lemma-restriction-derived-complete-equivalence
algebraization-proposition-derived-completion	099F	algebraization	proposition-derived-completion
algebraization-section-derived-completion	0995	algebraization	section-derived-completion
categories-definition-directed	002V	categories	definition-directed
categories-definition-initial	09WP	categories	definition-initial
categories-lemma-adjoint-fully-faithful	07RB	categories	lemma-adjoint-fully-faithful
categories-lemma-cofinal	04E7	categories	lemma-cofinal
categories-lemma-functorial-colimit	002K	categories	lemma-functorial-colimit
categories-section-adjoint	0036	categories	section-adjoint
derived-definition-compactly-generated	09SQ	derived	definition-compactly-generated
derived-definition-generators	09SJ	derived	definition-generators
derived-lemma-adjoint-preserve-K-injectives	08BJ	derived	lemma-adjoint-preserve-K-injectives
derived-lemma-leray-acyclicity	015E	derived	lemma-leray-acyclicity
derived-section-triangulated-sub	06UP	derived	section-triangulated-sub
descent-lemma-fpqc-universal-effective-epimorphisms	023Q	descent	lemma-fpqc-universal-effective-epimorphisms
descent-lemma-open-fpqc-covering	03N0	descent	lemma-open-fpqc-covering
descent-section-fpqc-universal-effective-epimorphisms	023P	descent	section-fpqc-universal-effective-epimorphisms
etale-cohomology-definition-ctf	03TQ	etale-cohomology	definition-ctf
etale-cohomology-lemma-affine-only-closed-points	09AY	etale-cohomology	lemma-affine-only-closed-points
etale-cohomology-lemma-cech-complex	03OZ	etale-cohomology	lemma-cech-complex
etale-cohomology-lemma-cofinal-etale	03PQ	etale-cohomology	lemma-cofinal-etale
etale-cohomology-lemma-connected-ctf-locally-constant	09BI	etale-cohomology	lemma-connected-ctf-locally-constant
etale-cohomology-lemma-connected-locally-constant	09BF	etale-cohomology	lemma-connected-locally-constant
etale-cohomology-lemma-constructible-abelian	03RZ	etale-cohomology	lemma-constructible-abelian
etale-cohomology-lemma-constructible-quasi-compact-quasi-separated	095E	etale-cohomology	lemma-constructible-quasi-compact-quasi-separated
etale-cohomology-lemma-decompose-quasi-finite-morphism	095K	etale-cohomology	lemma-decompose-quasi-finite-morphism
etale-cohomology-lemma-describe-pullback	09XN	etale-cohomology	lemma-describe-pullback
etale-cohomology-lemma-directed-colimit-cohomology	03Q6	etale-cohomology	lemma-directed-colimit-cohomology
etale-cohomology-lemma-etale-topos-independent-partial-universe	0958	etale-cohomology	lemma-etale-topos-independent-partial-universe
etale-cohomology-lemma-tensor-c	0961	etale-cohomology	lemma-tensor-c
etale-cohomology-proposition-constructible-over-noetherian	09BH	etale-cohomology	proposition-constructible-over-noetherian
etale-cohomology-remark-affine-inside-equivalence	05YX	etale-cohomology	remark-affine-inside-equivalence
etale-cohomology-remark-constant-locally-constant-maps	03P5	etale-cohomology	remark-constant-locally-constant-maps
etale-cohomology-section-compare	0757	etale-cohomology	section-compare
etale-cohomology-section-compare-topologies	09XL	etale-cohomology	section-compare-topologies
etale-cohomology-section-computation	03N8	etale-cohomology	section-computation
etale-cohomology-section-continuous-group-cohomology	0DVG	etale-cohomology	section-continuous-group-cohomology
etale-cohomology-section-functoriality	04I0	etale-cohomology	section-functoriality
etale-cohomology-theorem-colimit	09YQ	etale-cohomology	theorem-colimit
etale-cohomology-theorem-equivalence-sheaves-point	03QT	etale-cohomology	theorem-equivalence-sheaves-point
etale-cohomology-theorem-proper-base-change	095T	etale-cohomology	theorem-proper-base-change
etale-cohomology-theorem-topological-invariance	04DZ	etale-cohomology	theorem-topological-invariance
examples-section-not-ind-etale	09AN	examples	section-not-ind-etale
flat-definition-h-covering	0ETS	flat	definition-h-covering
flat-lemma-equivalence-h-v-locally-finite-presentation	0ETR	flat	lemma-equivalence-h-v-locally-finite-presentation
flat-lemma-extend-sheaf-h	0EV3	flat	lemma-extend-sheaf-h
flat-section-h	0ETQ	flat	section-h
homology-lemma-adjoint-preserve-injectives	015Z	homology	lemma-adjoint-preserve-injectives
homology-lemma-characterize-weak-serre-subcategory	0754	homology	lemma-characterize-weak-serre-subcategory
homology-lemma-first-quadrant-ss	0132	homology	lemma-first-quadrant-ss
homology-lemma-partially-defined-adjoint	0793	homology	lemma-partially-defined-adjoint
hypercovering-lemma-cech-spectral-sequence	01GY	hypercovering	lemma-cech-spectral-sequence
hypercovering-lemma-hypercovering-continuous-functor	0DAZ	hypercovering	lemma-hypercovering-continuous-functor
hypercovering-lemma-w-contractible	094K	hypercovering	lemma-w-contractible
hypercovering-remark-take-unions-hypercovering-X	0DB2	hypercovering	remark-take-unions-hypercovering-X
hypercovering-section-hyper-cech	01GU	hypercovering	section-hyper-cech
injectives-lemma-derived-products	07D9	injectives	lemma-derived-products
injectives-lemma-RF-commutes-with-Rlim	08U1	injectives	lemma-RF-commutes-with-Rlim
limits-lemma-descend-etale	07RP	limits	lemma-descend-etale
limits-lemma-descend-finite-presentation	01ZM	limits	lemma-descend-finite-presentation
limits-lemma-descend-surjective	07RR	limits	lemma-descend-surjective
limits-lemma-inverse-limit-top	0CUF	limits	lemma-inverse-limit-top
limits-lemma-limit-affine	01Z6	limits	lemma-limit-affine
limits-remark-limit-preserving	05LX	limits	remark-limit-preserving
more-algebra-definition-weakly-etale	092B	more-algebra	definition-weakly-etale
more-algebra-lemma-derived-complete-finite	09BA	more-algebra	lemma-derived-complete-finite
more-algebra-lemma-derived-complete-zero	09B9	more-algebra	lemma-derived-complete-zero
more-algebra-lemma-dual-perfect-complex	07VI	more-algebra	lemma-dual-perfect-complex
more-algebra-lemma-hom-from-Af	091P	more-algebra	lemma-hom-from-Af
more-algebra-lemma-hom-systems-ML	09BB	more-algebra	lemma-hom-systems-ML
more-algebra-lemma-isomorphic-completions	09BC	more-algebra	lemma-isomorphic-completions
more-algebra-lemma-perfect	0658	more-algebra	lemma-perfect
more-algebra-lemma-Rlim-perfect-gives-complete	09AW	more-algebra	lemma-Rlim-perfect-gives-complete
more-algebra-lemma-sequence-Koszul-complexes	0921	more-algebra	lemma-sequence-Koszul-complexes
more-algebra-lemma-serre-subcategory	091U	more-algebra	lemma-serre-subcategory
more-algebra-lemma-tor-strictly-pro-zero	0911	more-algebra	lemma-tor-strictly-pro-zero
more-algebra-lemma-valuation-ring-torsion-free-flat	0539	more-algebra	lemma-valuation-ring-torsion-free-flat
more-algebra-lemma-weakly-etale-permanence	092L	more-algebra	lemma-weakly-etale-permanence
more-algebra-lemma-weakly-etale-residue-field-extensions	092R	more-algebra	lemma-weakly-etale-residue-field-extensions
more-algebra-lemma-when-weakly-etale	092N	more-algebra	lemma-when-weakly-etale
more-algebra-proposition-derived-complete-modules	091T	more-algebra	proposition-derived-complete-modules
more-algebra-section-weakly-etale	092A	more-algebra	section-weakly-etale
more-algebra-theorem-olivier	092Z	more-algebra	theorem-olivier
more-morphisms-lemma-base-change-weakly-etale	094U	more-morphisms	lemma-base-change-weakly-etale
more-morphisms-lemma-composition-weakly-etale	094T	more-morphisms	lemma-composition-weakly-etale
more-morphisms-lemma-weakly-etale-permanence	0951	more-morphisms	lemma-weakly-etale-permanence
more-morphisms-lemma-weakly-etale-strictly-henselian-local-rings	094Z	more-morphisms	lemma-weakly-etale-strictly-henselian-local-rings
more-morphisms-lemma-when-weakly-etale	094X	more-morphisms	lemma-when-weakly-etale
more-morphisms-section-weakly-etale	094N	more-morphisms	section-weakly-etale
sets-equation-bound	046U	sets	equation-bound
sets-lemma-bound-affine	000P	sets	lemma-bound-affine
sets-lemma-bound-finite-type	04T7	sets	lemma-bound-finite-type
sets-lemma-bound-size	000Q	sets	lemma-bound-size
sets-lemma-construct-category	000J	sets	lemma-construct-category
sets-lemma-coverings-site	000X	sets	lemma-coverings-site
sets-lemma-what-is-in-it	000R	sets	lemma-what-is-in-it
sets-section-cardinals	000D	sets	section-cardinals
sets-section-categories-schemes	000H	sets	section-categories-schemes
sites-cohomology-definition-tor-amplitude	08FZ	sites-cohomology	definition-tor-amplitude
sites-cohomology-lemma-apply-Leray	0733	sites-cohomology	lemma-apply-Leray
sites-cohomology-lemma-bounded	0942	sites-cohomology	lemma-bounded
sites-cohomology-lemma-cech-cohomology	03AX	sites-cohomology	lemma-cech-cohomology
sites-cohomology-lemma-cech-spectral-sequence-application	03F7	sites-cohomology	lemma-cech-spectral-sequence-application
sites-cohomology-lemma-cech-vanish-collection	03F9	sites-cohomology	lemma-cech-vanish-collection
sites-cohomology-lemma-cohomology-bigger-site	03YU	sites-cohomology	lemma-cohomology-bigger-site
sites-cohomology-lemma-cohomology-of-open	03F3	sites-cohomology	lemma-cohomology-of-open
sites-cohomology-lemma-equivalence-bounded	0D7U	sites-cohomology	lemma-equivalence-bounded
sites-cohomology-lemma-higher-direct-images	072W	sites-cohomology	lemma-higher-direct-images
sites-cohomology-lemma-injective-trivial-cech	03AW	sites-cohomology	lemma-injective-trivial-cech
sites-cohomology-lemma-locally-constant-bounded	094I	sites-cohomology	lemma-locally-constant-bounded
sites-cohomology-lemma-locally-constant-map	09BE	sites-cohomology	lemma-locally-constant-map
sites-cohomology-lemma-projection-formula	0944	sites-cohomology	lemma-projection-formula
sites-cohomology-lemma-pullback-tensor-product	07A4	sites-cohomology	lemma-pullback-tensor-product
sites-cohomology-lemma-quasi-compact-weakly-contractible-compact	094E	sites-cohomology	lemma-quasi-compact-weakly-contractible-compact
sites-cohomology-lemma-restrict-K-injective-to-open	08FI	sites-cohomology	lemma-restrict-K-injective-to-open
sites-cohomology-lemma-Rf-commutes-with-Rlim	0A07	sites-cohomology	lemma-Rf-commutes-with-Rlim
sites-cohomology-lemma-w-contractible	0946	sites-cohomology	lemma-w-contractible
sites-cohomology-proposition-enough-weakly-contractibles	0947	sites-cohomology	proposition-enough-weakly-contractibles
sites-cohomology-remark-base-change	07A7	sites-cohomology	remark-base-change
sites-cohomology-section-h1-torsors	03AG	sites-cohomology	section-h1-torsors
sites-definition-point	00Y5	sites	definition-point
sites-definition-point-topos	00Y4	sites	definition-point-topos
sites-definition-separated	00WA	sites	definition-separated
sites-definition-sheaves-injective-surjective	00WM	sites	definition-sheaves-injective-surjective
sites-definition-site	00VH	sites	definition-site
sites-definition-special-cocontinuous-functor	03CG	sites	definition-special-cocontinuous-functor
sites-definition-w-contractible	090L	sites	definition-w-contractible
sites-lemma-bigger-site	00XU	sites	lemma-bigger-site
sites-lemma-cocontinuous-morphism-topoi	00XO	sites	lemma-cocontinuous-morphism-topoi
sites-lemma-covering-surjective-after-sheafification	00WT	sites	lemma-covering-surjective-after-sheafification
sites-lemma-criterion-points	0DW0	sites	lemma-criterion-points
sites-lemma-directed-colimits-sections	0738	sites	lemma-directed-colimits-sections
sites-lemma-directed-morphism	00X5	sites	lemma-directed-morphism
sites-lemma-equivalence	03A0	sites	lemma-equivalence
sites-lemma-exactness-properties	04D6	sites	lemma-exactness-properties
sites-lemma-existence-lower-shriek	09YX	sites	lemma-existence-lower-shriek
sites-lemma-have-functor-other-way	00XX	sites	lemma-have-functor-other-way
sites-lemma-have-functor-other-way-morphism	00XY	sites	lemma-have-functor-other-way-morphism
sites-lemma-localize-morphism	03CF	sites	lemma-localize-morphism
sites-lemma-morphism-sites-topoi	00XC	sites	lemma-morphism-sites-topoi
sites-lemma-neighbourhoods-cofiltered	0F4E	sites	lemma-neighbourhoods-cofiltered
sites-lemma-point-site-topos	00YA	sites	lemma-point-site-topos
sites-lemma-preserve-equalizers	00XS	sites	lemma-preserve-equalizers
sites-lemma-restrict-back	00Y2	sites	lemma-restrict-back
sites-lemma-sheaf-coequalizer-representable	00WS	sites	lemma-sheaf-coequalizer-representable
sites-lemma-when-shriek	00XR	sites	lemma-when-shriek
sites-modules-lemma-completion-flat	093M	sites-modules	lemma-completion-flat
sites-modules-lemma-exactness-lower-shriek	04BH	sites-modules	lemma-exactness-lower-shriek
sites-modules-lemma-g-shriek-adjoint	04BG	sites-modules	lemma-g-shriek-adjoint
sites-modules-lemma-kernel-finite-locally-constant	093U	sites-modules	lemma-kernel-finite-locally-constant
sites-modules-lemma-locally-constant	093T	sites-modules	lemma-locally-constant
sites-modules-lemma-locally-constant-finite-type	093N	sites-modules	lemma-locally-constant-finite-type
sites-modules-lemma-morphism-locally-constant	093S	sites-modules	lemma-morphism-locally-constant
sites-modules-lemma-restrict-back	0F6Z	sites-modules	lemma-restrict-back
sites-modules-lemma-sections-over-quasi-compact	0935	sites-modules	lemma-sections-over-quasi-compact
sites-modules-section-localize	03DH	sites-modules	section-localize
sites-modules-section-locally-constant	093P	sites-modules	section-locally-constant
sites-proposition-get-morphism	00X6	sites	proposition-get-morphism
sites-section-continuous-functors	00WU	sites	section-continuous-functors
sites-section-localize	00XZ	sites	section-localize
sites-section-morphism-sites	00X0	sites	section-morphism-sites
sites-section-pullback	06UM	sites	section-pullback
sites-section-sheafification	00W1	sites	section-sheafification
sites-theorem-plus	00WB	sites	theorem-plus
topologies-definition-big-small-etale	021B	topologies	definition-big-small-etale
topologies-definition-big-zariski-site	020S	topologies	definition-big-zariski-site
topologies-definition-standard-V-covering	0ETB	topologies	definition-standard-V-covering
topologies-definition-V-covering	0ETH	topologies	definition-V-covering
topologies-lemma-characterize-sheaf-big-etale	021K	topologies	lemma-characterize-sheaf-big-etale
topologies-lemma-fpqc	022D	topologies	lemma-fpqc
topologies-lemma-fpqc-affine-axioms	03LA	topologies	lemma-fpqc-affine-axioms
topologies-lemma-recognize-fpqc-covering	03L7	topologies	lemma-recognize-fpqc-covering
topologies-lemma-refine-standard-V	0ETG	topologies	lemma-refine-standard-V
topologies-lemma-sheaf-property-V	0ETM	topologies	lemma-sheaf-property-V
topologies-lemma-standard-fpqc-standard-V	0ETC	topologies	lemma-standard-fpqc-standard-V
topologies-lemma-zariski-etale-smooth-syntomic-fppf-fpqc	022C	topologies	lemma-zariski-etale-smooth-syntomic-fppf-fpqc
topologies-lemma-zariski-etale-smooth-syntomic-fppf-fpqc-ph-V	0ETK	topologies	lemma-zariski-etale-smooth-syntomic-fppf-fpqc-ph-V
topologies-remark-choice-sites	03FF	topologies	remark-choice-sites
topologies-section-fpqc	022A	topologies	section-fpqc
topologies-section-ph	0DBC	topologies	section-ph
topologies-section-procedure	020M	topologies	section-procedure
topologies-section-V	0ETA	topologies	section-V
topology-lemma-bijective-map	08YE	topology	lemma-bijective-map
topology-lemma-characterize-profinite-spectral	0905	topology	lemma-characterize-profinite-spectral
topology-lemma-closed-points-quasi-compact	08ZM	topology	lemma-closed-points-quasi-compact
topology-lemma-closed-union-connected-components	04PL	topology	lemma-closed-union-connected-components
topology-lemma-constructible-stable-specialization-closed	0903	topology	lemma-constructible-stable-specialization-closed
topology-lemma-directed-inverse-limit-profinite	0ET8	topology	lemma-directed-inverse-limit-profinite
topology-lemma-existence-projective-cover	090D	topology	lemma-existence-projective-cover
topology-lemma-fibre-product-closed	08ZH	topology	lemma-fibre-product-closed
topology-lemma-locally-Noetherian-locally-connected	04MF	topology	lemma-locally-Noetherian-locally-connected
topology-lemma-make-spectral-space	0A31	topology	lemma-make-spectral-space
topology-lemma-product-spectral-spaces	0907	topology	lemma-product-spectral-spaces
topology-lemma-profinite	08ZY	topology	lemma-profinite
topology-lemma-profinite-refine-open-covering	08ZZ	topology	lemma-profinite-refine-open-covering
topology-lemma-quasi-compact-closed-point	005E	topology	lemma-quasi-compact-closed-point
topology-lemma-space-connected-components	08ZL	topology	lemma-space-connected-components
topology-lemma-spectral-pi0	0906	topology	lemma-spectral-pi0
topology-lemma-spectral-sub	0902	topology	lemma-spectral-sub
topology-proposition-projective-in-category-hausdorff-qc	08YN	topology	proposition-projective-in-category-hausdorff-qc
topology-remark-size-projective-cover	090E	topology	remark-size-projective-cover
topology-section-spectral	08YF	topology	section-spectral
